batch_idx,model,acc,f1,precision,recall,bac,mcc,f1_ema
0,rf,0.9975,0.9974937343358395,1.0,0.995,0.9975,0.995012437733208,0.9974937343358395
0,xgb,0.9975,0.9974987493746873,0.997997997997998,0.997,0.9975,0.9950004975003731,0.9974987493746873
0,sgd_static,0.981,0.9808467741935484,0.9888211382113821,0.973,0.981,0.9621231596471568,0.9808467741935484
0,sgd_adaptive,0.981,0.9808467741935484,0.9888211382113821,0.973,0.981,0.9621231596471568,0.9808467741935484
0,ensemble,0.9925,0.9924887330996495,0.9939819458375125,0.991,0.9924999999999999,0.9850044325299195,0.9924887330996495
1,rf,0.9985,0.9984992496248124,0.998998998998999,0.998,0.9984999999999999,0.9970004985003739,0.9978456646869801
1,xgb,0.9945,0.9945137157107232,0.9920398009950249,0.997,0.9944999999999999,0.9890123627318017,0.9964539875923
1,sgd_static,0.984,0.9840478564307079,0.9811133200795229,0.987,0.984,0.968017424470462,0.9819671529765543
1,sgd_adaptive,0.973,0.9725609756097561,0.9886363636363636,0.957,0.973,0.9464847243000456,0.9779467446892212
1,ensemble,0.992,0.9920239282153539,0.989065606361829,0.995,0.992,0.9840177124782383,0.9923260513901461
2,rf,0.9955,0.9954887218045113,0.9979899497487437,0.993,0.9955,0.9910123877322704,0.9970207346781161
2,xgb,0.9915,0.9915296462381664,0.9880834160873883,0.995,0.9915,0.9830240843851047,0.9947304681183533
2,sgd_static,0.97,0.9696969696969697,0.9795918367346939,0.96,0.97,0.9401880564188065,0.9776725888286997
2,sgd_adaptive,0.97,0.9692937563971341,0.9926624737945493,0.947,0.97,0.9409961010914775,0.9749181987869908
2,ensemble,0.986,0.9859719438877755,0.9879518072289156,0.984,0.986,0.9720077760933132,0.9901021137643164
3,rf,0.996,0.9959919839679359,0.9979919678714859,0.994,0.996,0.9920079360952333,0.9966606719295531
3,xgb,0.9965,0.9965017491254373,0.996003996003996,0.997,0.9964999999999999,0.9930004965003724,0.9953504164708328
3,sgd_static,0.982,0.9818913480885312,0.9878542510121457,0.976,0.982,0.9640694154969637,0.9791491545696407
3,sgd_adaptive,0.9865,0.9864525840441546,0.9899295065458208,0.983,0.9864999999999999,0.9730238393761006,0.9789552336269982
3,ensemble,0.995,0.995,0.995,0.995,0.995,0.99,0.9918163739468058
4,rf,0.995,0.9949849548645938,0.9979879275653923,0.992,0.995,0.9900178204811544,0.9960741709568175
4,xgb,0.994,0.9939819458375125,0.9969818913480886,0.991,0.994,0.9880177844801824,0.9948714517491708
4,sgd_static,0.9815,0.9813976872800402,0.9868554095045501,0.976,0.9815,0.9630582667877643,0.9799361410182805
4,sgd_adaptive,0.984,0.983983983983984,0.9849699398797596,0.983,0.984,0.9680019360058081,0.9807152962519433
4,ensemble,0.992,0.9919839679358717,0.9939759036144579,0.99,0.992,0.9840078720944653,0.9918750318429789
5,rf,0.9955,0.9954977488744372,0.995995995995996,0.995,0.9955,0.9910004955003716,0.9958724232279845
5,xgb,0.9975,0.9975037443834248,0.996011964107677,0.999,0.9975,0.9950044775302233,0.9957927541711598
5,sgd_static,0.9815,0.9813225643614336,0.9908256880733946,0.972,0.9815,0.9631738685763335,0.9804213891883842
5,sgd_adaptive,0.9625,0.9621403331650682,0.9714576962283384,0.953,0.9624999999999999,0.9251670077187004,0.9742140591715371
5,ensemble,0.994,0.993993993993994,0.9949899799599199,0.993,0.994,0.988001976005928,0.9926166685958342
6,rf,0.9965,0.9964982491245623,0.996996996996997,0.996,0.9964999999999999,0.9930004965003724,0.9960914622917867
6,xgb,0.9915,0.9915211970074813,0.9890547263681592,0.994,0.9915,0.9830122877303954,0.9942977091638724
6,sgd_static,0.9835,0.9834254143646409,0.987891019172553,0.979,0.9835,0.9670391658793431,0.981472798000074
6,sgd_adaptive,0.974,0.973816717019134,0.9807302231237323,0.967,0.974,0.9480929176591191,0.9740749894181961
6,ensemble,0.9925,0.992503748125937,0.9920079920079921,0.993,0.9924999999999999,0.9850004925003694,0.9925771464313702
7,rf,0.9985,0.9985007496251874,0.998001998001998,0.999,0.9984999999999999,0.9970004985003739,0.996934712858477
7,xgb,0.997,0.9970059880239521,0.9950199203187251,0.999,0.997,0.9940079520954253,0.9952456067649004
7,sgd_static,0.986,0.985985985985986,0.9869739478957916,0.985,0.986,0.9720019440058321,0.9830524137951433
7,sgd_adaptive,0.9375,0.9391727493917275,0.9146919431279621,0.965,0.9375,0.876326447637842,0.9618592054089322
7,ensemble,0.9965,0.9964982491245623,0.996996996996997,0.996,0.9964999999999999,0.9930004965003724,0.9939495323739875
8,rf,0.998,0.9979959919839679,1.0,0.996,0.998,0.9960079680956173,0.997306160552399
8,xgb,0.9945,0.9945027486256871,0.994005994005994,0.995,0.9944999999999999,0.9890004945003709,0.9949856064161757
8,sgd_static,0.9855,0.9854636591478697,0.9879396984924623,0.983,0.9855,0.9710121377275829,0.9838963496685975
8,sgd_adaptive,0.96,0.9598796389167502,0.9627766599597586,0.957,0.96,0.9200165604471333,0.9611663571366685
8,ensemble,0.994,0.993993993993994,0.9949899799599199,0.993,0.994,0.988001976005928,0.9939650939409899
9,rf,0.996,0.9959919839679359,0.9979919678714859,0.994,0.996,0.9920079360952333,0.9968461987478369
9,xgb,0.997,0.997002997002997,0.9960079840319361,0.998,0.997,0.9940019880059641,0.9956916931215632
9,sgd_static,0.983,0.9828801611278952,0.9898580121703854,0.976,0.983,0.9660946819184694,0.9835406836793517
9,sgd_adaptive,0.9725,0.9725959142999502,0.9692154915590864,0.976,0.9724999999999999,0.945023153350889,0.9651667021438172
9,ensemble,0.9955,0.9954977488744372,0.995995995995996,0.995,0.9955,0.9910004955003716,0.9945015231676966
10,rf,0.9995,0.9994997498749375,1.0,0.999,0.9995,0.9990004995003746,0.9977749416423222
10,xgb,0.9955,0.9955156950672646,0.9920556107249255,0.999,0.9955,0.991024280392308,0.9956300938025588
10,sgd_static,0.9855,0.9854344550477148,0.9899091826437941,0.981,0.9855,0.9710393278891853,0.9842035036582788
10,sgd_adaptive,0.9805,0.980372420734776,0.9868287740628167,0.974,0.9804999999999999,0.9610812147941201,0.9704887036506529
10,ensemble,0.996,0.9960079840319361,0.9940239043824701,0.998,0.996,0.9920079360952333,0.9950287844701805
11,rf,0.998,0.998,0.998,0.998,0.998,0.996,0.9978537120675095
11,xgb,0.9955,0.9955201592832255,0.9910802775024777,1.0,0.9955,0.9910401379383962,0.9955916167207922
11,sgd_static,0.9805,0.9804707060590886,0.9819458375125376,0.979,0.9804999999999999,0.9610043245291905,0.9828970244985622
11,sgd_adaptive,0.9735,0.9734867433716858,0.973973973973974,0.973,0.9735,0.9470004735003551,0.9715380175530144
11,ensemble,0.989,0.9890438247011952,0.9851190476190477,0.993,0.989,0.9780312975022881,0.9929340485510356
12,rf,0.997,0.9969909729187563,1.0,0.994,0.997,0.9940178924830985,0.9975517533654459
12,xgb,0.9945,0.9944972486243121,0.994994994994995,0.994,0.9944999999999999,0.9890004945003709,0.9952085878870243
12,sgd_static,0.98,0.9799599198396793,0.9819277108433735,0.978,0.98,0.9600076800921612,0.9818690378679532
12,sgd_adaptive,0.97,0.9696048632218845,0.9825462012320328,0.957,0.97,0.9403178811748377,0.970861413537119
12,ensemble,0.9905,0.9905047476261869,0.99000999000999,0.991,0.9904999999999999,0.9810004905003679,0.9920837932273386
13,rf,0.5245,0.0985781990521327,0.9454545454545454,0.052,0.5245,0.14981487368635443,0.6829110093557864
13,xgb,0.501,0.017716535433070866,0.5625,0.009,0.501,0.011225331376673432,0.6530863695281407
13,sgd_static,0.883,0.8698553948832035,0.9799498746867168,0.782,0.883,0.7821230588711803,0.9426642628232909
13,sgd_adaptive,0.777,0.7219451371571073,0.9586092715231788,0.579,0.7769999999999999,0.603321200125822,0.8837407168041149
13,ensemble,0.7535,0.6750164798945286,0.9903288201160542,0.512,0.7535000000000001,0.5790180631578203,0.8811102335608553
14,rf,0.506,0.03137254901960784,0.8,0.016,0.506,0.06030226891555273,0.454872548238124
14,xgb,0.497,0.007889546351084813,0.2857142857142857,0.004,0.497,-0.03598302002087995,0.4272674814161712
14,sgd_static,0.941,0.9384133611691023,0.9814410480349345,0.899,0.9410000000000001,0.8851282605233799,0.9411764472443249
14,sgd_adaptive,0.9395,0.9377892030848329,0.9650793650793651,0.912,0.9395,0.8803325113984721,0.9026576870023663
14,ensemble,0.914,0.9069264069264069,0.9882075471698113,0.838,0.9139999999999999,0.8377340562831403,0.8901458942387983
15,rf,0.5005,0.005970149253731343,0.6,0.003,0.5005,0.010012523486435177,0.29775670859358666
15,xgb,0.7175,0.6084546084546084,0.9909706546275395,0.439,0.7175,0.523772976313915,0.49068297587962423
15,sgd_static,0.9435,0.9409921671018276,0.9846994535519126,0.901,0.9435,0.8902217559392441,0.941111949194451
15,sgd_adaptive,0.9795,0.9798327594687654,0.9641819941916747,0.996,0.9795,0.9595226023742457,0.929668962365606
15,ensemble,0.9425,0.9393139841688655,0.994413407821229,0.89,0.9425,0.8899192763450376,0.907354725714322
16,rf,0.5,0.00398406374501992,0.5,0.002,0.5,0.0,0.19493628289658835
16,xgb,0.7415,0.6546426185704742,0.9859154929577465,0.49,0.7415,0.5588425248043757,0.5480688508214218
16,sgd_static,0.9345,0.9312335958005249,0.980110497237569,0.887,0.9345,0.8729481064351255,0.9376545255065769
16,sgd_adaptive,0.935,0.9363369245837414,0.9174664107485605,0.956,0.935,0.8707683566854576,0.9320027491419535
16,ensemble,0.922,0.9166666666666666,0.9839449541284404,0.858,0.9219999999999999,0.8510001846850852,0.9106139050476427
17,rf,0.5,0.005964214711729622,0.5,0.003,0.5,0.0,0.12879605903188782
17,xgb,0.7585,0.6832786885245902,0.9923809523809524,0.521,0.7585,0.5875094833778588,0.5953922940175307
17,sgd_static,0.943,0.9401260504201681,0.9900442477876106,0.895,0.9430000000000001,0.8901111260278175,0.9385195592263339
17,sgd_adaptive,0.982,0.9822485207100592,0.9688715953307393,0.996,0.982,0.964378110343413,0.9495887691907905
17,ensemble,0.944,0.9408658922914467,0.9966442953020134,0.891,0.944,0.8930312220314269,0.9212021005829742
18,rf,0.506,0.027559055118110236,0.875,0.014,0.506,0.06735198826004059,0.09336310766206568
18,xgb,0.7505,0.6693174287607687,0.9921414538310412,0.505,0.7505,0.5750955577662816,0.621266091177664
18,sgd_static,0.9415,0.9390307451797811,0.9804134929270947,0.901,0.9415,0.8859110137284523,0.9386984743100404
18,sgd_adaptive,0.939,0.9371134020618557,0.9670212765957447,0.909,0.9390000000000001,0.879584679921695,0.9452223906956634
18,ensemble,0.944,0.9411146161934806,0.9922394678492239,0.895,0.944,0.8922951387647619,0.9281714810466515
19,rf,0.5055,0.029440628066732092,0.7894736842105263,0.015,0.5055,0.05669877121739619,0.07099023980369894
19,xgb,0.777,0.7159235668789808,0.9859649122807017,0.562,0.777,0.6136267987276921,0.6543962076731249
19,sgd_static,0.9455,0.9433766233766234,0.9816216216216216,0.908,0.9455,0.8935165592248702,0.9403358264833445
19,sgd_adaptive,0.9915,0.9915380786460926,0.9871159563924677,0.996,0.9915,0.9830398139187119,0.9614328814783137
19,ensemble,0.948,0.9456635318704284,0.9901531728665208,0.905,0.948,0.8993319014909987,0.9342936988349735
20,rf,0.5065,0.03519061583577713,0.782608695652174,0.018,0.5065,0.060964371324940946,0.05846037141492631
20,xgb,0.772,0.7065637065637066,0.9909747292418772,0.549,0.772,0.607798845559385,0.6726548322848285
20,sgd_static,0.9415,0.9388395190799791,0.9835706462212487,0.898,0.9415,0.8863608040237286,0.9398121188921666
20,sgd_adaptive,0.996,0.996011964107677,0.9930417495029821,0.999,0.996,0.9920178564821264,0.9735355603985909
20,ensemble,0.9465,0.9437138348237769,0.9955604883462819,0.897,0.9465,0.8974085794638993,0.9375907464310548
21,rf,0.5075,0.03146509341199607,0.9411764705882353,0.016,0.5075,0.08169687437550292,0.04901202411390073
21,xgb,0.7815,0.7211231652839821,0.9964726631393298,0.565,0.7815,0.624588192982304,0.6896187488345322
21,sgd_static,0.948,0.9457202505219207,0.9890829694323144,0.906,0.948,0.8991779154523224,0.9418799649625806
21,sgd_adaptive,0.996,0.996,0.996,0.996,0.996,0.992,0.9813981142590841
21,ensemble,0.952,0.949685534591195,0.9977973568281938,0.906,0.952,0.9078501862949842,0.9418239222871039
22,rf,0.5035,0.02167487684729064,0.7333333333333333,0.011,0.5035,0.04056693114598212,0.0394440225705872
22,xgb,0.785,0.7285353535353535,0.988013698630137,0.577,0.7849999999999999,0.6268112829954201,0.7032395604798197
22,sgd_static,0.945,0.9425287356321839,0.986870897155361,0.902,0.9450000000000001,0.8933095896506572,0.9421070346969418
22,sgd_adaptive,0.977,0.9774951076320939,0.9568965517241379,0.999,0.977,0.9549248150483036,0.9800320619396375
22,ensemble,0.947,0.9445026178010472,0.9912087912087912,0.902,0.9470000000000001,0.8976428452838485,0.942761465716984
23,rf,0.5055,0.023692003948667325,0.9230769230769231,0.012,0.5055,0.06844190284665097,0.033930816052915244
23,xgb,0.778,0.7150192554557124,0.9982078853046595,0.557,0.778,0.6198335245039721,0.7073624537213822
23,sgd_static,0.9475,0.945284002084419,0.9869423286180631,0.907,0.9475,0.8979505745039239,0.9432189732825589
23,sgd_adaptive,0.993,0.9930348258706467,0.9881188118811881,0.998,0.993,0.9860493036978082,0.9845830293154909
23,ensemble,0.9525,0.9502357255107386,0.9977997799779978,0.907,0.9525,0.9087705869003428,0.9453774566447982
24,rf,0.5055,0.023692003948667325,0.9230769230769231,0.012,0.5055,0.06844190284665097,0.030347231816428476
24,xgb,0.78,0.7183098591549296,0.998220640569395,0.561,0.78,0.6229316916932397,0.7111940456231238
24,sgd_static,0.948,0.9455497382198953,0.9923076923076923,0.903,0.948,0.8996509948258705,0.9440347410106267
24,sgd_adaptive,0.995,0.9950099800399201,0.9930278884462151,0.997,0.995,0.9900079200950412,0.9882324620690413
24,ensemble,0.951,0.9485294117647058,0.9988938053097345,0.903,0.9510000000000001,0.9061853675813673,0.946480640936766
25,rf,0.505,0.025590551181102362,0.8125,0.013,0.505,0.056126656883367154,0.028682393594064336
25,xgb,0.769,0.7023195876288659,0.9873188405797102,0.545,0.769,0.6017671217577187,0.7080879853251336
25,sgd_static,0.9445,0.9419759539989545,0.9868565169769989,0.901,0.9445,0.8923836407441618,0.9433141655565414
25,sgd_adaptive,0.995,0.994994994994995,0.9959919839679359,0.994,0.995,0.9900019800059401,0.9905993485931252
25,ensemble,0.9465,0.9437138348237769,0.9955604883462819,0.897,0.9465,0.8974085794638993,0.9455122587972199
26,rf,0.503,0.01972386587771203,0.7142857142857143,0.01,0.503,0.03598302002087995,0.025546908893341033
26,xgb,0.7675,0.7009646302250804,0.9819819819819819,0.545,0.7675000000000001,0.5974112090912788,0.705594811040115
26,sgd_static,0.945,0.9429460580912863,0.9795258620689655,0.909,0.9450000000000001,0.8923158880727446,0.9431853279437021
26,sgd_adaptive,0.9955,0.9955156950672646,0.9920556107249255,0.999,0.9955,0.991024280392308,0.992320069859074
26,ensemble,0.951,0.9488517745302714,0.99235807860262,0.909,0.9510000000000001,0.905199196136155,0.9466810893037879
27,rf,0.5055,0.023692003948667325,0.9230769230769231,0.012,0.5055,0.06844190284665097,0.024897692162705237
27,xgb,0.78,0.7201017811704835,0.9895104895104895,0.566,0.78,0.6196206869484763,0.710672250585744
27,sgd_static,0.943,0.940563086548488,0.9825708061002179,0.902,0.9430000000000001,0.8889938384155637,0.9422675434553772
27,sgd_adaptive,0.9965,0.9965122072745392,0.9930486593843099,1.0,0.9964999999999999,0.9930243293941089,0.9937873179544868
27,ensemble,0.9485,0.946101517530089,0.9923161361141603,0.904,0.9485,0.9005738137038588,0.9464782391829933
28,rf,0.5065,0.027586206896551724,0.9333333333333333,0.014,0.5065,0.0753385864139668,0.025838672319551507
28,xgb,0.7895,0.7343848580441641,0.9948717948717949,0.582,0.7895,0.6363886285480412,0.7189716631961911
28,sgd_static,0.95,0.9481327800829875,0.9849137931034483,0.914,0.95,0.9023419092870452,0.9443203762750408
28,sgd_adaptive,0.997,0.997,0.997,0.997,0.997,0.994,0.9949117566704164
28,ensemble,0.955,0.9530271398747391,0.9967248908296943,0.913,0.9550000000000001,0.913227570381265,0.9487703544251045
29,rf,0.505,0.021739130434782608,0.9166666666666666,0.011,0.505,0.06474424740545882,0.024403832659882392
29,xgb,0.781,0.7213740458015268,0.9912587412587412,0.567,0.7809999999999999,0.6218336179732922,0.7198124971080586
29,sgd_static,0.946,0.9435736677115988,0.9879649890590809,0.903,0.946,0.8953170269307711,0.9440590282778363
29,sgd_adaptive,0.997,0.9970059880239521,0.9950199203187251,0.999,0.997,0.9940079520954253,0.995644737644154
29,ensemble,0.949,0.9465408805031447,0.9944933920704846,0.903,0.9490000000000001,0.9018246319611679,0.9479900385524186
